Block start,Block end,Training end,Training rows,Predicted rows
2024-04-11,2024-04-18,2024-04-10 23:00:00,400000,840000
2024-04-18,2024-04-25,2024-04-17 23:00:00,400000,840000
2024-04-25,2024-05-02,2024-04-24 23:00:00,400000,840000
2024-05-02,2024-05-09,2024-05-01 23:00:00,400000,840000
2024-05-09,2024-05-16,2024-05-08 23:00:00,400000,840000
2024-05-16,2024-05-23,2024-05-15 23:00:00,400000,840000
2024-05-23,2024-05-30,2024-05-22 23:00:00,400000,840000
2024-05-30,2024-06-06,2024-05-29 23:00:00,400000,840000
2024-06-06,2024-06-11,2024-06-05 23:00:00,400000,600000
